unique_id,age,bp,bgr,bu,sc,sod,pot,hemo,pcv,wbcc,rbcc,al,su,rbc,pc,pcc,ba,htn,dm,cad,appet,pe,ane
474407,21.0,90.0,107.0,40.0,1.7,125.0,3.5,8.3,23.0,12400.0,3.9,4.0,0.0,normal,abnormal,present,present,no,no,no,good,no,yes
137148,73.0,100.0,295.0,90.0,5.6,140.0,2.9,9.2,30.0,7000.0,3.2,3.0,2.0,abnormal,abnormal,present,notpresent,yes,yes,yes,poor,no,no
484175,53.0,90.0,70.0,107.0,7.2,114.0,3.7,9.5,29.0,12100.0,3.7,2.0,0.0,abnormal,abnormal,present,notpresent,yes,yes,no,poor,no,yes
343710,61.0,80.0,173.0,148.0,3.9,135.0,5.2,7.7,24.0,9200.0,3.2,2.0,0.0,abnormal,abnormal,notpresent,notpresent,yes,yes,yes,poor,yes,yes
532520,60.0,90.0,105.0,53.0,2.3,136.0,5.2,11.1,33.0,10500.0,4.1,2.0,0.0,abnormal,normal,notpresent,notpresent,no,no,no,good,no,no
566924,49.0,100.0,129.0,158.0,11.8,122.0,3.2,8.1,24.0,9600.0,3.5,3.0,0.0,abnormal,abnormal,notpresent,notpresent,yes,yes,no,poor,yes,yes
546225,46.0,60.0,163.0,92.0,3.3,141.0,4.0,9.8,28.0,14600.0,3.2,1.0,0.0,normal,normal,notpresent,notpresent,yes,yes,no,good,no,no
602404,55.0,90.0,273.0,235.0,14.2,132.0,3.4,8.3,22.0,14600.0,2.9,2.0,1.0,abnormal,abnormal,notpresent,notpresent,yes,yes,no,poor,yes,yes
514721,56.0,90.0,129.0,107.0,6.7,131.0,4.8,9.1,29.0,6400.0,3.4,2.0,0.0,abnormal,abnormal,notpresent,notpresent,yes,no,no,good,no,no
899916,83.0,70.0,102.0,60.0,2.6,115.0,5.7,8.7,26.0,12800.0,3.1,3.0,0.0,normal,normal,notpresent,notpresent,yes,no,no,poor,no,yes
621332,59.0,80.0,303.0,35.0,1.3,122.0,3.5,10.4,35.0,10900.0,4.3,1.0,0.0,abnormal,normal,notpresent,notpresent,no,yes,no,poor,no,no
428486,73.0,70.0,70.0,32.0,0.9,125.0,4.0,10.0,29.0,18900.0,3.5,0.0,0.0,normal,normal,notpresent,notpresent,yes,yes,no,good,yes,no
734698,59.0,50.0,241.0,191.0,12.0,114.0,2.9,9.6,31.0,15700.0,3.8,3.0,0.0,normal,abnormal,notpresent,notpresent,no,yes,no,good,yes,no
481293,60.0,60.0,288.0,36.0,1.7,130.0,3.0,7.9,25.0,15200.0,3.0,3.0,1.0,normal,abnormal,present,notpresent,yes,no,no,poor,no,yes
153227,60.0,90.0,490.0,95.0,2.7,131.0,3.8,11.5,35.0,12000.0,4.5,3.0,5.0,abnormal,normal,notpresent,present,yes,yes,no,good,no,no
297893,68.0,80.0,157.0,90.0,4.1,130.0,6.4,5.6,16.0,11000.0,2.6,3.0,2.0,normal,abnormal,present,present,yes,yes,yes,poor,yes,no
746487,59.0,100.0,252.0,40.0,3.2,137.0,4.7,11.2,30.0,26400.0,3.9,4.0,2.0,normal,normal,notpresent,notpresent,yes,yes,no,poor,yes,no
615697,6.0,60.0,94.0,67.0,1.0,135.0,4.9,9.9,30.0,16700.0,4.8,4.0,0.0,abnormal,abnormal,notpresent,present,no,no,no,poor,no,no
337834,48.0,70.0,117.0,56.0,3.8,111.0,2.5,11.2,32.0,6700.0,3.9,4.0,0.0,normal,abnormal,present,notpresent,yes,no,no,poor,yes,yes
843362,71.0,60.0,118.0,125.0,5.3,136.0,4.9,11.4,35.0,15200.0,4.3,4.0,0.0,normal,normal,notpresent,notpresent,yes,yes,no,poor,yes,no
995177,69.0,70.0,214.0,96.0,6.3,120.0,3.9,9.4,28.0,11500.0,3.3,4.0,3.0,normal,abnormal,present,present,yes,yes,yes,good,yes,yes
828592,71.0,70.0,219.0,82.0,3.6,133.0,4.4,10.4,33.0,5600.0,3.6,3.0,0.0,normal,abnormal,present,present,yes,yes,yes,good,no,no
923613,64.0,60.0,239.0,58.0,4.3,137.0,5.4,9.5,29.0,7500.0,3.4,4.0,1.0,abnormal,abnormal,notpresent,present,yes,yes,no,poor,yes,no
102677,59.0,70.0,76.0,186.0,15.0,135.0,7.6,7.1,22.0,3800.0,2.1,3.0,0.0,normal,abnormal,notpresent,notpresent,yes,no,no,poor,yes,yes
955830,55.0,80.0,214.0,73.0,3.9,137.0,4.9,10.9,34.0,7400.0,3.7,3.0,1.0,normal,abnormal,present,present,yes,yes,no,good,yes,no
397388,63.0,100.0,280.0,35.0,3.2,143.0,3.5,13.0,40.0,9800.0,4.2,2.0,2.0,normal,normal,notpresent,present,yes,no,yes,good,no,no
780219,70.0,100.0,118.0,125.0,5.3,136.0,4.9,12.0,37.0,8400.0,8.0,4.0,0.0,normal,normal,notpresent,notpresent,yes,no,no,good,no,no
438182,73.0,80.0,253.0,142.0,4.6,138.0,5.8,10.5,33.0,7200.0,4.3,2.0,0.0,abnormal,abnormal,notpresent,notpresent,yes,yes,yes,good,no,no
534245,45.0,70.0,117.0,52.0,2.2,136.0,3.8,10.0,30.0,19100.0,3.7,2.0,0.0,normal,abnormal,present,notpresent,no,no,no,good,no,no
197452,56.0,70.0,210.0,26.0,1.7,136.0,3.8,16.1,52.0,12500.0,5.6,4.0,1.0,abnormal,normal,notpresent,notpresent,no,no,no,good,no,no
636769,50.0,90.0,128.0,208.0,9.2,134.0,4.8,8.2,22.0,16300.0,2.7,2.0,0.0,normal,abnormal,present,present,no,no,no,poor,yes,yes
129053,48.0,80.0,133.0,139.0,8.5,132.0,5.5,10.3,36.0,6200.0,4.0,4.0,0.0,abnormal,abnormal,notpresent,present,no,yes,no,good,yes,no
475200,64.0,100.0,163.0,54.0,7.2,140.0,4.6,7.9,26.0,7500.0,3.4,4.0,2.0,abnormal,abnormal,notpresent,present,yes,yes,no,good,yes,no
124304,69.0,70.0,264.0,87.0,2.7,130.0,4.0,12.5,37.0,9600.0,4.1,3.0,4.0,normal,abnormal,notpresent,notpresent,yes,yes,yes,good,yes,no
608902,56.0,90.0,176.0,309.0,13.3,124.0,6.5,3.1,9.0,5400.0,2.1,4.0,1.0,normal,abnormal,present,notpresent,yes,yes,no,poor,yes,yes
234299,48.0,80.0,95.0,163.0,7.7,136.0,3.8,9.8,32.0,6900.0,3.4,4.0,0.0,normal,abnormal,notpresent,notpresent,yes,no,no,good,no,yes
980291,62.0,70.0,122.0,42.0,1.7,136.0,4.7,12.6,39.0,7900.0,3.9,3.0,0.0,normal,abnormal,notpresent,notpresent,yes,yes,no,good,no,no
310480,63.0,70.0,380.0,60.0,2.7,131.0,4.2,10.8,32.0,4500.0,3.8,3.0,0.0,abnormal,abnormal,present,notpresent,yes,yes,no,poor,yes,no
353025,40.0,70.0,253.0,150.0,11.9,132.0,5.6,10.9,31.0,8800.0,3.4,3.0,4.0,normal,normal,notpresent,notpresent,yes,yes,no,poor,yes,no
160040,48.0,110.0,106.0,215.0,15.2,120.0,5.7,8.6,26.0,5000.0,2.5,3.0,0.0,abnormal,normal,present,notpresent,yes,no,yes,good,no,yes
750284,52.0,90.0,224.0,166.0,5.6,133.0,47.0,8.1,23.0,5000.0,2.9,4.0,3.0,normal,abnormal,notpresent,notpresent,yes,yes,no,good,no,yes
349892,59.0,70.0,424.0,55.0,1.7,138.0,4.5,12.6,37.0,10200.0,4.1,1.0,3.0,abnormal,abnormal,notpresent,notpresent,yes,yes,yes,good,no,no
499221,30.0,80.0,96.0,25.0,0.5,144.0,4.8,13.8,42.0,9000.0,4.5,0.0,0.0,normal,normal,notpresent,notpresent,no,no,no,good,no,no
436056,12.0,80.0,100.0,26.0,0.6,137.0,4.4,15.8,49.0,6600.0,5.4,0.0,0.0,normal,normal,notpresent,notpresent,no,no,no,good,no,no
296998,62.0,80.0,132.0,34.0,0.8,147.0,3.5,17.8,44.0,4700.0,4.5,0.0,0.0,normal,normal,notpresent,notpresent,no,no,no,good,no,no
634224,75.0,70.0,107.0,48.0,0.8,144.0,3.5,13.6,46.0,10300.0,4.8,0.0,0.0,normal,normal,notpresent,notpresent,no,no,no,good,no,no
482105,44.0,60.0,95.0,46.0,0.5,138.0,4.2,15.0,50.0,7700.0,6.3,0.0,0.0,normal,normal,notpresent,notpresent,no,no,no,good,no,no
918330,60.0,80.0,81.0,15.0,0.5,141.0,3.6,15.0,46.0,10500.0,5.3,0.0,0.0,normal,normal,notpresent,notpresent,no,no,no,good,no,no
155117,68.0,60.0,125.0,41.0,1.1,139.0,3.8,17.4,50.0,6700.0,6.1,0.0,0.0,normal,normal,notpresent,notpresent,no,no,no,good,no,no
674446,55.0,80.0,130.0,50.0,1.2,147.0,5.0,15.5,41.0,9100.0,6.0,0.0,0.0,normal,normal,notpresent,notpresent,no,no,no,good,no,no
530138,23.0,80.0,111.0,34.0,1.1,145.0,4.0,14.3,41.0,7200.0,5.0,0.0,0.0,normal,normal,notpresent,notpresent,no,no,no,good,no,no
670655,80.0,80.0,119.0,46.0,0.7,141.0,4.9,13.9,49.0,5100.0,5.0,0.0,0.0,normal,normal,notpresent,notpresent,no,no,no,good,no,no
746768,25.0,70.0,88.0,42.0,0.5,136.0,3.5,13.3,48.0,7000.0,4.9,0.0,0.0,normal,normal,notpresent,notpresent,no,no,no,good,no,no
118596,74.0,60.0,88.0,50.0,0.6,147.0,3.7,17.2,53.0,6000.0,4.5,0.0,0.0,normal,normal,notpresent,notpresent,no,no,no,good,no,no
390779,48.0,80.0,122.0,33.0,0.9,146.0,3.9,13.9,48.0,9500.0,4.8,0.0,0.0,normal,normal,notpresent,notpresent,no,no,no,good,no,no
234626,24.0,70.0,140.0,23.0,0.6,140.0,4.7,16.3,48.0,5800.0,5.6,0.0,0.0,normal,normal,notpresent,notpresent,no,no,no,good,no,no
486397,20.0,70.0,123.0,44.0,1.0,135.0,3.8,14.6,44.0,5500.0,4.8,0.0,0.0,normal,normal,notpresent,notpresent,no,no,no,good,no,no
250046,56.0,60.0,132.0,18.0,1.1,147.0,4.7,13.7,45.0,7500.0,5.6,0.0,0.0,normal,normal,notpresent,notpresent,no,no,no,good,no,no
462892,36.0,80.0,85.0,16.0,1.1,142.0,4.1,15.6,44.0,5800.0,6.3,0.0,0.0,normal,normal,notpresent,notpresent,no,no,no,good,no,no
155872,59.0,60.0,113.0,23.0,1.1,139.0,3.5,15.3,54.0,6500.0,4.9,0.0,0.0,normal,normal,notpresent,notpresent,no,no,no,good,no,no
553648,33.0,80.0,100.0,37.0,1.2,142.0,4.0,16.9,52.0,6700.0,6.0,0.0,0.0,normal,normal,notpresent,notpresent,no,no,no,good,no,no
720366,70.0,80.0,74.0,41.0,0.5,143.0,4.5,15.1,48.0,9700.0,5.6,0.0,0.0,normal,normal,notpresent,notpresent,no,no,no,good,no,no
923398,51.0,80.0,94.0,15.0,1.2,144.0,3.7,15.5,46.0,9500.0,6.4,0.0,0.0,normal,normal,notpresent,notpresent,no,no,no,good,no,no
345689,15.0,80.0,93.0,17.0,0.9,136.0,3.9,16.7,50.0,6200.0,5.2,0.0,0.0,normal,normal,notpresent,notpresent,no,no,no,good,no,no
460315,23.0,80.0,70.0,36.0,1.0,150.0,4.6,17.0,52.0,9800.0,5.0,0.0,0.0,normal,normal,notpresent,notpresent,no,no,no,good,no,no
719916,40.0,80.0,140.0,10.0,1.2,135.0,5.0,15.0,48.0,10400.0,4.5,0.0,0.0,normal,normal,notpresent,notpresent,no,no,no,good,no,no
994377,71.0,70.0,81.0,18.0,0.8,145.0,5.0,14.7,44.0,9800.0,6.0,0.0,0.0,normal,normal,notpresent,notpresent,no,no,no,good,no,no
173519,66.0,70.0,107.0,16.0,1.1,140.0,3.6,13.6,42.0,11000.0,4.9,0.0,0.0,normal,normal,notpresent,notpresent,no,no,no,good,no,no
968221,55.0,80.0,118.0,18.0,0.9,135.0,3.6,15.5,43.0,7200.0,5.4,0.0,0.0,normal,normal,notpresent,notpresent,no,no,no,good,no,no
180660,51.0,60.0,99.0,38.0,0.8,135.0,3.7,13.0,49.0,8300.0,5.2,0.0,0.0,normal,normal,notpresent,notpresent,no,no,no,good,no,no
834066,55.0,80.0,133.0,17.0,1.2,135.0,4.8,13.2,41.0,6800.0,5.3,0.0,0.0,normal,normal,notpresent,notpresent,no,no,no,good,no,no
608641,43.0,80.0,130.0,30.0,1.1,143.0,5.0,15.9,45.0,7800.0,4.5,0.0,0.0,normal,normal,notpresent,notpresent,no,no,no,good,no,no
712694,60.0,60.0,134.0,45.0,0.5,139.0,4.8,14.2,48.0,10700.0,5.6,0.0,0.0,normal,normal,notpresent,notpresent,no,no,no,good,no,no
871127,45.0,80.0,117.0,46.0,1.2,137.0,5.0,16.2,45.0,8600.0,5.2,0.0,0.0,normal,normal,notpresent,notpresent,no,no,no,good,no,no
585932,25.0,80.0,121.0,19.0,1.2,142.0,4.9,15.0,48.0,6900.0,5.3,0.0,0.0,normal,normal,notpresent,notpresent,no,no,no,good,no,no
322882,33.0,80.0,128.0,38.0,0.6,135.0,3.9,13.1,45.0,6200.0,4.5,0.0,0.0,normal,normal,notpresent,notpresent,no,no,no,good,no,no
789906,69.0,70.0,83.0,42.0,1.2,139.0,3.7,16.2,50.0,9300.0,5.4,0.0,0.0,normal,normal,notpresent,notpresent,no,no,no,good,no,no
201768,58.0,70.0,88.0,16.0,1.1,147.0,3.5,16.4,53.0,9100.0,5.2,0.0,0.0,normal,normal,notpresent,notpresent,no,no,no,good,no,no
118191,42.0,70.0,93.0,32.0,0.9,143.0,4.7,16.6,43.0,7100.0,5.3,0.0,0.0,normal,normal,notpresent,notpresent,no,no,no,good,no,no
883369,59.0,70.0,130.0,39.0,0.7,147.0,4.7,13.5,46.0,6700.0,4.5,0.0,0.0,normal,normal,notpresent,notpresent,no,no,no,good,no,no
963946,50.0,80.0,137.0,46.0,0.8,139.0,5.0,14.1,45.0,9500.0,4.6,0.0,0.0,normal,normal,notpresent,notpresent,no,no,no,good,no,no
551175,47.0,80.0,124.0,44.0,1.0,140.0,4.9,14.9,41.0,7000.0,5.7,0.0,0.0,normal,normal,notpresent,notpresent,no,no,no,good,no,no
873195,44.0,70.0,92.0,40.0,0.9,141.0,4.9,14.0,52.0,7500.0,6.2,0.0,0.0,normal,normal,notpresent,notpresent,no,no,no,good,no,no
604045,30.0,60.0,120.0,31.0,0.8,150.0,4.6,13.4,44.0,10700.0,5.8,0.0,0.0,normal,normal,notpresent,notpresent,no,no,no,good,no,no
131563,29.0,80.0,83.0,49.0,0.9,139.0,3.3,17.5,40.0,9900.0,4.7,0.0,0.0,normal,normal,notpresent,notpresent,no,no,no,good,no,no
433613,50.0,80.0,97.0,40.0,0.6,150.0,4.5,14.2,48.0,10500.0,5.0,0.0,0.0,normal,normal,notpresent,notpresent,no,no,no,good,no,no
203694,38.0,80.0,99.0,19.0,0.5,147.0,3.5,13.6,44.0,7300.0,6.4,0.0,0.0,normal,normal,notpresent,notpresent,no,no,no,good,no,no
996076,57.0,60.0,105.0,49.0,1.2,150.0,4.7,15.7,44.0,10400.0,6.2,0.0,0.0,normal,normal,notpresent,notpresent,no,no,no,good,no,no
750155,46.0,60.0,123.0,46.0,1.0,135.0,5.0,15.7,50.0,6300.0,4.8,0.0,0.0,normal,normal,notpresent,notpresent,no,no,no,good,no,no
114717,41.0,80.0,122.0,25.0,0.8,138.0,5.0,17.1,41.0,9100.0,5.2,0.0,0.0,normal,normal,notpresent,notpresent,no,no,no,good,no,no
676393,63.0,70.0,113.0,25.0,0.6,146.0,4.9,16.5,52.0,8000.0,5.1,0.0,0.0,normal,normal,notpresent,notpresent,no,no,no,good,no,no
379507,17.0,60.0,114.0,50.0,1.0,135.0,4.9,14.2,51.0,7200.0,5.9,0.0,0.0,normal,normal,notpresent,notpresent,no,no,no,good,no,no
991031,30.0,80.0,89.0,42.0,0.5,139.0,5.0,16.7,52.0,10200.0,5.0,0.0,0.0,normal,normal,notpresent,notpresent,no,no,no,good,no,no
490253,43.0,80.0,81.0,46.0,0.6,135.0,4.9,13.9,48.0,6900.0,4.9,0.0,0.0,normal,normal,notpresent,notpresent,no,no,no,good,no,no
283427,55.0,80.0,140.0,49.0,0.5,150.0,4.9,15.7,47.0,6700.0,4.9,0.0,0.0,normal,normal,notpresent,notpresent,no,no,no,good,no,no
328705,39.0,70.0,131.0,46.0,0.6,145.0,5.0,15.6,41.0,9400.0,4.7,0.0,0.0,normal,normal,notpresent,notpresent,no,no,no,good,no,no
268609,56.0,80.0,139.0,15.0,1.2,135.0,5.0,14.8,42.0,5600.0,5.5,0.0,0.0,normal,normal,notpresent,notpresent,no,no,no,good,no,no
524004,30.0,80.0,82.0,42.0,0.7,146.0,5.0,14.9,45.0,9400.0,5.9,0.0,0.0,normal,normal,notpresent,notpresent,no,no,no,good,no,no
418316,62.0,80.0,78.0,45.0,0.6,138.0,3.5,16.1,50.0,5400.0,5.7,0.0,0.0,normal,normal,notpresent,notpresent,no,no,no,good,no,no
721270,58.0,70.0,102.0,48.0,1.2,139.0,4.3,15.0,40.0,8100.0,4.9,0.0,0.0,normal,normal,notpresent,notpresent,no,no,no,good,no,no
261137,35.0,60.0,105.0,39.0,0.5,135.0,3.9,14.7,43.0,5800.0,6.2,0.0,0.0,normal,normal,notpresent,notpresent,no,no,no,good,no,no
643841,23.0,80.0,99.0,46.0,1.2,142.0,4.0,17.7,46.0,4300.0,5.5,0.0,0.0,normal,normal,notpresent,notpresent,no,no,no,good,no,no
557347,34.0,80.0,121.0,27.0,1.2,144.0,3.9,13.6,52.0,9200.0,6.3,0.0,0.0,normal,normal,notpresent,notpresent,no,no,no,good,no,no
441170,79.0,80.0,111.0,44.0,1.2,146.0,3.6,16.3,40.0,8000.0,6.4,0.0,0.0,normal,normal,notpresent,notpresent,no,no,no,good,no,no
947246,73.0,60.0,127.0,48.0,0.5,150.0,3.5,15.1,52.0,11000.0,4.7,0.0,0.0,normal,normal,notpresent,notpresent,no,no,no,good,no,no
534003,42.0,80.0,132.0,24.0,0.7,140.0,4.1,14.4,50.0,5000.0,4.5,0.0,0.0,normal,normal,notpresent,notpresent,no,no,no,good,no,no
431871,57.0,60.0,132.0,18.0,1.1,150.0,4.7,15.4,42.0,11000.0,4.5,0.0,0.0,normal,normal,notpresent,notpresent,no,no,no,good,no,no
976875,33.0,60.0,80.0,25.0,0.9,146.0,3.5,14.1,48.0,7800.0,5.1,0.0,0.0,normal,normal,notpresent,notpresent,no,no,no,good,no,no
201677,33.0,80.0,89.0,19.0,1.1,144.0,5.0,15.0,40.0,10300.0,4.8,0.0,0.0,normal,normal,notpresent,notpresent,no,no,no,good,no,no
965166,48.0,80.0,75.0,22.0,0.8,137.0,5.0,16.8,51.0,6000.0,6.5,0.0,0.0,normal,normal,notpresent,notpresent,no,no,no,good,no,no
460465,47.0,60.0,109.0,25.0,1.1,141.0,4.7,15.8,41.0,8300.0,5.2,0.0,0.0,normal,normal,notpresent,notpresent,no,no,no,good,no,no
546010,49.0,80.0,122.0,32.0,1.2,139.0,3.9,17.0,41.0,5600.0,4.9,0.0,0.0,normal,normal,notpresent,notpresent,no,no,no,good,no,no
741276,23.0,60.0,95.0,24.0,0.8,145.0,5.0,15.0,52.0,6300.0,4.6,0.0,0.0,normal,normal,notpresent,notpresent,no,no,no,good,no,no
630177,58.0,80.0,131.0,18.0,1.1,141.0,3.5,15.8,53.0,6800.0,6.1,0.0,0.0,normal,normal,notpresent,notpresent,no,no,no,good,no,no
109053,64.0,60.0,106.0,27.0,0.7,150.0,3.3,14.4,42.0,8100.0,4.7,0.0,0.0,normal,normal,notpresent,notpresent,no,no,no,good,no,no
421471,37.0,60.0,111.0,35.0,0.8,135.0,4.1,16.2,50.0,5500.0,5.7,0.0,0.0,normal,normal,notpresent,notpresent,no,no,no,good,no,no
938027,43.0,60.0,108.0,25.0,1.0,144.0,5.0,17.8,43.0,7200.0,5.5,0.0,0.0,normal,normal,notpresent,notpresent,no,no,no,good,no,no
203466,22.0,60.0,97.0,18.0,1.2,138.0,4.3,13.5,42.0,7900.0,6.4,0.0,0.0,normal,normal,notpresent,notpresent,no,no,no,good,no,no
228849,58.0,80.0,100.0,50.0,1.2,140.0,3.5,14.0,50.0,6700.0,6.5,0.0,0.0,normal,normal,notpresent,notpresent,no,no,no,good,no,no
754973,39.0,60.0,86.0,37.0,0.6,150.0,5.0,13.6,51.0,5800.0,4.5,0.0,0.0,normal,normal,notpresent,notpresent,no,no,no,good,no,no
235579,46.0,60.0,102.0,27.0,0.7,142.0,4.9,13.2,44.0,11000.0,5.4,0.0,0.0,normal,normal,notpresent,notpresent,no,no,no,good,no,no
696591,46.0,70.0,100.0,47.0,0.5,142.0,3.5,16.4,43.0,5700.0,6.5,0.0,0.0,normal,normal,notpresent,notpresent,no,no,no,good,no,no
809452,66.0,70.0,94.0,19.0,0.7,135.0,3.9,16.0,41.0,5300.0,5.9,0.0,0.0,normal,normal,notpresent,notpresent,no,no,no,good,no,no
924216,65.0,60.0,109.0,39.0,1.0,144.0,3.5,13.9,48.0,9600.0,4.8,0.0,0.0,normal,normal,notpresent,notpresent,no,no,no,good,no,no
784295,29.0,80.0,70.0,16.0,0.7,138.0,3.5,13.7,54.0,5400.0,5.8,0.0,0.0,normal,normal,notpresent,notpresent,no,no,no,good,no,no
273038,47.0,60.0,117.0,22.0,1.2,138.0,3.5,13.0,45.0,5200.0,5.6,0.0,0.0,normal,normal,notpresent,notpresent,no,no,no,good,no,no
168242,48.0,60.0,112.0,44.0,1.2,142.0,4.9,14.5,44.0,9400.0,6.4,0.0,0.0,normal,normal,notpresent,notpresent,no,no,no,good,no,no
731540,63.0,70.0,130.0,37.0,0.9,150.0,5.0,13.4,41.0,7300.0,4.7,0.0,0.0,normal,normal,notpresent,notpresent,no,no,no,good,no,no
471614,52.0,80.0,128.0,30.0,1.2,140.0,4.5,15.2,52.0,4300.0,5.7,0.0,0.0,normal,normal,notpresent,notpresent,no,no,no,good,no,no
330559,34.0,60.0,91.0,49.0,1.2,135.0,4.5,13.5,48.0,8600.0,4.9,0.0,0.0,normal,normal,notpresent,notpresent,no,no,no,good,no,no
881763,42.0,70.0,75.0,31.0,1.2,141.0,3.5,16.5,54.0,7800.0,6.2,0.0,0.0,normal,normal,notpresent,notpresent,no,no,no,good,no,no
415906,60.0,80.0,131.0,10.0,0.5,146.0,5.0,14.5,41.0,10700.0,5.1,0.0,0.0,normal,normal,notpresent,notpresent,no,no,no,good,no,no
354223,64.0,70.0,97.0,27.0,0.7,145.0,4.8,13.8,49.0,6400.0,4.8,0.0,0.0,normal,normal,notpresent,notpresent,no,no,no,good,no,no
654306,41.0,80.0,112.0,48.0,0.7,140.0,5.0,17.0,52.0,7200.0,5.8,0.0,0.0,normal,normal,notpresent,notpresent,no,no,no,good,no,no
285690,45.0,80.0,82.0,49.0,0.6,147.0,4.4,15.9,46.0,9100.0,4.7,0.0,0.0,normal,normal,notpresent,notpresent,no,no,no,good,no,no
489160,28.0,60.0,79.0,50.0,0.5,145.0,5.0,17.6,51.0,6500.0,5.0,0.0,0.0,normal,normal,notpresent,notpresent,no,no,no,good,no,no
769512,38.0,60.0,91.0,36.0,0.7,135.0,3.7,14.0,46.0,9100.0,5.8,0.0,0.0,normal,normal,notpresent,notpresent,no,no,no,good,no,no
667326,35.0,80.0,104.0,31.0,1.2,135.0,5.0,16.1,45.0,4300.0,5.2,0.0,0.0,normal,normal,notpresent,notpresent,no,no,no,good,no,no
901528,73.0,80.0,118.0,44.0,0.7,137.0,3.5,14.8,45.0,9300.0,4.7,0.0,0.0,normal,normal,notpresent,notpresent,no,no,no,good,no,no
707555,44.0,60.0,96.0,33.0,0.9,147.0,4.5,16.9,41.0,7200.0,5.0,0.0,0.0,normal,normal,notpresent,notpresent,no,no,no,good,no,no
411659,32.0,60.0,102.0,17.0,0.4,147.0,4.7,14.6,41.0,6800.0,5.1,0.0,0.0,normal,normal,notpresent,notpresent,no,no,no,good,no,no
129654,52.0,80.0,125.0,22.0,1.2,139.0,4.6,16.5,43.0,4700.0,4.6,0.0,0.0,normal,normal,notpresent,notpresent,no,no,no,good,no,no
843449,30.0,80.0,131.0,38.0,1.0,147.0,3.8,14.1,45.0,9400.0,5.3,0.0,0.0,normal,normal,notpresent,notpresent,no,no,no,good,no,no
687021,52.0,80.0,99.0,25.0,0.8,135.0,3.7,15.0,52.0,6300.0,5.3,0.0,0.0,normal,normal,notpresent,notpresent,no,no,no,good,no,no
617948,34.0,70.0,87.0,38.0,0.5,144.0,4.8,17.1,47.0,7400.0,6.1,0.0,0.0,normal,normal,notpresent,notpresent,no,no,no,good,no,no
781942,47.0,60.0,137.0,17.0,0.5,150.0,3.5,13.6,44.0,7900.0,4.5,0.0,0.0,normal,normal,notpresent,notpresent,no,no,no,good,no,no
459229,57.0,80.0,133.0,48.0,1.2,147.0,4.3,14.8,46.0,6600.0,5.5,0.0,0.0,normal,normal,notpresent,notpresent,no,no,no,good,no,no
499228,32.0,70.0,100.0,29.0,1.1,142.0,4.5,14.3,43.0,6700.0,5.9,0.0,0.0,normal,normal,notpresent,notpresent,no,no,no,good,no,no
647552,61.0,70.0,120.0,29.0,0.7,137.0,3.5,17.4,52.0,7000.0,5.3,0.0,0.0,normal,normal,notpresent,notpresent,no,no,no,good,no,no
125587,37.0,60.0,109.0,47.0,1.1,141.0,4.9,15.0,48.0,7000.0,5.2,0.0,0.0,normal,normal,notpresent,notpresent,no,no,no,good,no,no
614376,57.0,80.0,119.0,17.0,1.2,135.0,4.7,15.4,42.0,6200.0,6.2,0.0,0.0,normal,normal,notpresent,notpresent,no,no,no,good,no,no
853426,41.0,70.0,125.0,38.0,0.6,140.0,5.0,16.8,41.0,6300.0,5.9,0.0,0.0,normal,normal,notpresent,notpresent,no,no,no,good,no,no
572140,55.0,80.0,104.0,28.0,0.9,142.0,4.8,17.3,52.0,8200.0,4.8,0.0,0.0,normal,normal,notpresent,notpresent,no,no,no,good,no,no
